,Date,Underlying,C250,C255,C260,C265,C270,C275,C280,C285,C290,C295,C300,C305,C310,C315,C320,C325,C330,C335,C340,C345,C350,C355,C360,C365,C370,C375,C380,C385,C390,C395,C400,C405,C410,C415,C420,C425,C430,C435,C440,C445,P250,P255,P260,P265,P270,P275,P280,P285,P290,P295,P300,P305,P310,P315,P320,P325,P330,P335,P340,P345,P350,P355,P360,P365,P370,P375,P380,P385,P390,P395,P400,P405,P410,P415,P420,P425,P430,P435,P440,P445
0,2023-08-21,321.88,77.91,,67.65,,55.0,54.39,49.6,,41.86,38.0,33.85,31.08,26.9,23.88,20.45,17.9,15.7,13.03,11.22,9.32,7.95,6.5,5.44,4.59,3.78,3.11,2.58,2.14,1.75,1.47,1.21,1.01,0.88,0.73,0.59,0.52,,0.38,0.33,,1.41,1.66,1.95,2.34,2.75,3.35,3.95,4.65,5.6,6.55,7.85,9.1,10.66,12.66,14.54,16.8,19.15,21.95,25.41,28.3,32.16,35.99,40.01,44.2,48.64,52.96,58.05,,,,77.97,,,,,,,,,
1,2023-08-22,322.46,77.6,,69.55,,,54.27,,,41.52,38.54,34.64,,28.45,24.3,20.5,17.89,15.24,12.99,11.33,9.92,7.95,6.9,5.48,4.65,3.85,3.33,2.7,2.36,1.91,1.48,1.21,1.07,0.94,,0.67,0.6,0.48,,,,1.42,,1.94,2.35,2.87,3.25,3.89,4.9,5.7,6.35,7.95,9.02,10.75,12.15,14.6,16.45,19.58,21.22,24.81,27.7,,34.9,39.02,43.66,46.19,51.78,56.5,60.2,66.34,72.05,,,,,,,,,,
2,2023-08-23,327.0,,,73.2,,,59.0,54.3,,47.0,,37.32,33.5,30.5,28.26,23.25,20.65,17.65,15.2,13.05,10.97,9.41,8,6.45,5.37,4.59,3.79,3.12,2.6,2.18,2.05,1.53,1.28,1.08,0.94,0.78,0.73,0.64,0.55,,0.37,1.21,1.37,1.63,1.95,2.27,2.75,3.24,3.85,4.57,5.5,6.45,7.7,9.06,10.45,12.33,14.24,16.95,19.0,22.15,25.2,28.0,,,39.8,43.91,,54.01,,,,71.0,,,,,,,,,
3,2023-08-24,319.97,,,66.2,,57.77,60.6,50.0,44.62,40.95,37.6,32.92,28.83,25.5,22.74,19.65,17.16,14.7,12.61,10.35,8.75,7.35,6.2,5.1,4.35,3.49,2.9,2.37,1.98,1.65,1.54,1.15,0.97,0.91,0.71,0.68,,0.48,,0.33,,1.54,1.71,2.15,,2.95,3.65,4.4,5.07,6.05,6.79,8.4,9.71,11.1,13.0,15.3,17.8,20.0,22.9,25.15,28.0,29.1,35.6,39.8,,49.55,53.5,,,,,,,,,,,,,,
4,2023-08-25,322.98,,73.85,64.93,62.29,,,50.3,43.8,42.43,35.4,33.8,30.25,26.35,23.6,20.45,17.6,14.8,12.53,10.81,9.19,7.4,6.05,5.05,4.2,3.45,2.82,2.37,2.17,1.65,1.33,1.14,0.97,0.83,,,,0.44,0.38,,0.3,1.35,1.81,1.72,2.2,2.4,2.87,3.57,4.1,4.97,5.82,7.1,8.37,9.72,11.75,13.56,15.7,18.12,21.05,23.95,28.44,32.67,38.05,40.05,42.24,50.03,51.19,57.07,,,71.02,,,,94.03,,,,,,
5,2023-08-28,323.7,,72.9,,,,54.05,50.0,46.0,,36.43,32.85,30.06,26.8,22.8,20.6,17.25,14.75,12.75,10.45,8.56,7.2,5.91,4.9,3.9,3.24,2.58,2.19,1.81,1.5,1.21,1.02,0.88,0.72,0.64,0.52,0.44,0.42,,,,1.16,1.43,1.67,2.06,2.39,2.9,3.35,3.95,4.95,5.8,6.73,8.01,9.67,11.4,13.05,15.25,17.61,20.95,23.5,,30.78,34.56,,43.1,46.8,51.6,56.72,,67.8,72.35,77.59,,,,,,107.24,,,
6,2023-08-29,328.41,,,,,,58.15,53.5,49.1,45.28,,37.5,,30.25,25.83,22.65,19.65,17.15,14.33,12.25,10.35,8.58,7.17,5.85,4.78,3.93,3.3,2.63,2.16,1.82,1.46,1.26,1.06,,0.76,0.65,0.55,0.47,,,,0.87,1.1,1.28,1.57,1.83,2.24,2.68,3.26,3.85,4.8,5.6,6.9,8.0,9.49,11.15,13.1,15.41,17.89,21.05,24.0,26.65,31.55,35.0,,,,52.6,,,,72.25,,,,,,,,,
7,2023-08-30,328.79,,,,,,,,49.57,45.55,41.4,37.3,,29.95,26.28,22.9,19.95,17.08,14.36,12.15,10.1,8.44,6.8,5.6,4.67,3.7,3.11,2.55,2.09,1.68,1.37,1.18,0.97,0.87,0.68,0.6,,,0.36,,,0.78,0.94,1.21,1.36,1.65,2.03,2.47,2.93,3.55,4.3,5.2,6.25,7.5,9.07,10.75,12.55,14.65,17.15,20.55,22.9,26.2,31.2,33.63,,42.69,46.24,51.4,56.25,,,71.15,,,,,,,,,116.83
8,2023-08-31,327.76,,,,,,,53.3,,45.05,41.18,36.56,32.4,29.0,25.95,22.12,19.08,16.4,13.75,11.55,9.6,7.9,6.5,5.25,4.25,3.4,2.81,2.27,1.91,1.56,1.34,1.04,,,0.66,0.61,0.48,,,,,0.79,0.93,1.18,1.41,1.65,1.99,2.42,2.91,3.6,4.3,5.19,6.24,7.51,9.15,10.7,12.55,14.85,17.0,20.2,22.7,26.35,29.4,,,,,52.15,56.51,,,,,,,,,,,,
9,2023-09-01,328.66,,,,69.11,63.0,,,,44.54,40.37,36.2,33.27,27.85,25,21.95,19.1,16.29,13.74,10.9,9.3,7.64,6.3,5.06,4.1,3.35,2.69,2.2,1.83,1.47,1.22,1.01,0.91,0.72,,0.56,0.47,0.41,,,,0.72,0.88,1.1,1.35,1.57,1.93,2.3,2.8,3.35,4.05,4.92,6.1,7.3,8.8,10.6,12.45,14.55,17.2,19.93,23.6,26.3,29.95,34.85,38.19,42.78,47.86,52.23,57.0,62.2,,71.67,,,,,,,,,
10,2023-09-05,333.55,86.25,,,,66.6,63.5,59.0,53.83,49.75,,40.82,37.1,33.0,28.95,25.6,22.45,19,16.15,13.8,11.78,9.69,7.9,6.62,5.25,4.3,3.5,2.85,2.32,1.93,1.53,1.31,1.06,0.92,0.78,0.64,0.58,0.49,,0.34,,0.58,0.72,0.88,1.04,1.24,1.49,1.88,2.22,2.7,3.35,4.05,4.92,6.0,7.2,8.61,10.27,12.3,14.45,16.95,19.64,22.8,25.7,30.4,34.34,37.84,42.3,46.8,51.37,56.46,,66.0,,,,,,,,,
11,2023-09-06,332.88,,,,71.99,,61.5,56.16,51.53,47.36,43.61,38.8,35.5,32.0,26.85,24.6,21.75,18.6,16.01,13.23,10.88,9.09,7.55,6.1,5.13,3.93,3.21,2.53,2.2,1.72,1.41,1.17,1.02,0.82,0.7,0.65,,,0.4,0.36,,0.63,0.77,0.95,1.12,1.34,1.68,2.08,2.47,2.95,3.65,4.2,5.4,6.3,7.66,9.0,10.85,12.85,15.05,17.5,21.55,23.65,27.3,30.99,34.07,40.23,44.74,48.57,53.37,,,,,,,,,,,108.41,
12,2023-09-07,329.91,84.95,,73.6,68.85,66.15,,,49.9,46.25,,38.06,33.33,29.69,26.22,22.95,19.78,16.96,14.4,12,10,8.24,6.5,5.35,4.3,3.5,2.81,2.23,1.74,1.46,1.28,0.97,0.95,0.67,0.67,,0.39,,,0.27,,0.67,0.8,0.97,1.15,1.42,1.76,2.09,2.58,3.2,3.9,4.67,5.65,6.75,8.2,9.67,11.4,13.5,15.75,18.05,21.7,24.95,27.53,32.25,35.7,40.5,44.75,49.6,54.05,59.14,,,,,,,,,,,
13,2023-09-08,334.27,89.2,,76.55,71.88,69.6,64.0,59.7,54.04,49.85,44.66,42.71,,32.77,29.8,25.45,21.9,18.85,16.15,13.65,11.23,9.11,7.57,6.15,5,3.98,3.2,2.5,1.93,1.6,1.39,1.09,0.96,0.79,0.53,0.51,0.42,0.37,0.31,,,0.51,0.66,0.81,0.9,1.18,1.45,1.77,2.13,2.65,3.2,3.85,4.65,5.75,7.05,8.2,9.96,11.8,14.05,16.7,19.05,22.15,25.94,29.45,33.05,36.03,39.79,45.2,52.56,,,67.4,,,,,,,,,
14,2023-09-11,337.94,,,,,,66.87,62.07,57.13,51.0,47.57,42.85,39.29,35.55,30.7,27.55,24.2,20.85,17.85,15.1,12.55,10.38,8.45,6.7,5.45,4.3,3.35,2.68,2.1,1.61,1.32,1.05,0.84,0.68,0.55,0.45,,0.3,0.24,0.21,,0.43,0.5,0.63,0.77,0.92,1.11,1.38,1.7,2.06,2.54,3.1,3.83,4.69,5.7,6.75,8.21,9.91,11.78,14.23,16.5,19.17,22.45,25.88,30.9,34.95,38.4,42.8,,,,63.78,,,,,,,,,
15,2023-09-12,331.77,,,78.07,,66.6,63.53,56.49,,47.94,44.2,39.35,34.48,31.0,26.73,23.25,20,16.9,14.25,11.8,9.7,7.85,6.25,4.98,3.9,3.18,2.42,1.99,1.51,1.2,0.99,0.78,0.61,0.5,0.44,0.35,,0.24,0.19,0.18,,0.5,0.64,0.75,0.86,1.16,1.41,1.73,2.13,2.62,3.2,3.94,4.84,5.7,7.05,8.45,10.25,12.1,14.35,16.95,19.75,22.8,26.15,29.9,33.93,38.27,39.8,46.85,50.45,,,,,,,,,,,,
16,2023-09-13,336.06,,,,70.75,,,,,49.67,45.48,41.51,36.55,33.84,30.25,25.3,22.05,19,15.98,13.8,11.03,8.95,7.25,5.74,4.68,3.65,2.85,2.16,1.66,1.35,1.0,0.77,0.64,0.51,0.4,,0.25,,,,,0.43,0.47,0.59,0.77,0.94,1.13,1.44,1.7,2.11,2.65,3.25,3.86,4.85,5.85,7.47,8.58,10.47,12.85,14.6,17.36,20.15,23.2,27.06,31.0,35.0,40.15,,,,,,,,,,,,,,108.54
17,2023-09-14,338.7,91.7,,82.5,,73.15,69.03,62.66,59.81,54.06,48.71,44.12,39.8,35.37,31.9,27.3,24.45,20.8,17.49,14.83,12.07,9.89,7.89,6.3,5.05,3.96,3.0,2.36,1.9,1.41,1.1,0.87,0.68,0.54,0.43,0.34,0.27,0.22,0.18,,,0.34,0.4,0.49,0.6,0.75,0.9,1.15,1.36,1.79,2.19,2.59,3.34,4.1,4.86,6.15,7.55,9.2,10.9,13.1,15.61,18.31,21.0,,28.15,,,,,,,,,,,,,,,,
18,2023-09-15,330.22,,79.75,,68.0,,61.6,55.09,,46.0,41.65,37.33,34.44,29.35,25,22.16,18.45,15.35,12.8,10.4,8.41,6.7,5.35,4.05,3.15,2.56,1.86,1.45,1.11,0.9,0.71,0.55,0.45,0.37,0.34,0.24,0.23,0.15,,0.12,,0.42,0.51,0.66,0.82,1.02,1.26,1.57,1.97,2.47,3.03,3.84,4.7,5.75,7.05,8.6,10.32,12.34,14.75,17.3,20.37,23.55,,30.71,33.58,,43.72,,,,,,,,,,,,,,
19,2023-09-18,329.06,,,72.52,,,,,,42.4,38.55,35,30.95,26.47,23.85,19.52,17.2,14.25,11.85,8.9,7.65,5.85,4.51,3.55,2.79,1.92,1.59,1.14,0.88,0.69,0.55,0.41,0.34,0.27,0.26,0.18,,0.12,0.1,,,0.43,0.5,0.69,0.81,1.1,1.32,1.67,2.1,2.65,3.11,3.9,4.9,6.0,7.66,8.75,10.9,13.1,15.15,18.68,21.86,25.82,29.72,33.34,36.4,43.21,47.01,52.03,,,,,,,,,,,,,115.81
20,2023-09-19,328.65,,,68.95,64.3,61.15,,,,,36.07,34.7,28.95,27.05,22.88,19.75,17.15,14.25,11.74,9.45,7.55,5.9,4.62,3.56,2.77,2.11,1.64,1.24,0.91,0.74,0.51,0.45,0.35,0.29,,0.17,,,,0.07,,0.41,0.52,0.65,0.81,1.01,1.26,1.6,1.99,2.52,3.05,3.92,4.79,5.9,7.3,8.85,10.84,12.95,15.35,18.1,21.1,25.97,28.85,34.75,39.6,,,52.4,,,,,,,,,,,,,
21,2023-09-20,320.77,,75.04,,,56.6,,,44.22,40.32,33.9,29.1,25.0,21.83,18.95,15.3,13,11.27,8.4,7.56,5.15,4,3.24,2.38,1.92,1.41,1.12,0.9,0.68,0.51,0.42,0.33,0.29,0.2,0.18,0.15,0.1,0.09,,0.06,0.05,0.54,0.78,0.97,1.21,1.52,1.75,2.4,3.0,3.6,4.59,5.65,6.6,8.2,10.02,12.02,14.57,16.85,19.4,22.51,25.8,29.63,,36.78,40.76,43.11,,56.65,62.6,,,,,,,,,,,,
22,2023-09-21,319.53,74.0,,,62.06,,49.47,45.77,40.75,36.42,34.3,28,25.19,21.62,19.1,15.2,12.51,10.33,8.25,6.55,5.5,4.12,3.22,2.5,1.94,1.48,1.16,0.91,0.69,0.55,0.43,0.33,0.28,0.22,,0.15,0.12,0.1,0.07,,0.06,0.68,0.82,1.1,1.31,1.67,2.17,2.68,3.4,4.15,5.07,6.2,7.5,9.15,10.89,12.99,15.53,17.7,20.52,24.6,27.4,31.56,38.45,36.95,,52.22,56.59,62.4,64.1,,,,,,,,,,,,
23,2023-09-22,317.01,71.89,65.27,61.05,58.0,53.01,,44.1,,,31.5,25.9,23.1,18.95,16.15,13.45,11,8.8,7.01,5.52,4.36,3.3,2.48,2.01,1.55,1.2,0.94,0.73,0.57,0.45,0.36,0.28,0.25,0.18,0.14,0.11,0.1,,,,0.04,0.78,1.01,1.1,1.36,1.93,2.33,3.0,3.75,4.63,5.7,6.86,8.45,10.2,12.2,14.3,16.68,20.14,23.21,25.83,30.4,33.01,37.37,43.15,47.25,,,,,,,,,,,,,,,,
24,2023-09-25,317.54,68.43,63.6,59.84,,,46.19,41.05,,33.08,29.32,25.4,21.45,18.5,15.9,13.23,10.78,8.55,6.73,5.25,3.9,3,2.25,1.62,1.27,0.96,0.71,0.57,0.43,0.35,0.24,0.2,0.2,0.16,,,0.11,0.06,0.06,,,0.72,0.95,1.13,1.42,1.79,2.27,2.75,3.42,4.25,5.33,6.48,8.0,9.58,11.59,13.85,17.6,20.05,23.45,27.62,30.72,35.09,,44.65,,,59.6,63.88,69.6,,,,,,,,,,,,
25,2023-09-26,312.14,63.9,,54.37,,45.12,40.57,37.58,32.05,28.36,24.63,22,18.5,16.1,13.25,10.8,8.6,6.8,5.4,4.08,3.1,2.39,1.79,1.36,1.02,0.77,0.57,0.45,0.35,0.28,0.24,0.18,0.16,0.12,0.09,0.08,0.06,0.04,,0.03,,0.97,1.29,1.54,1.89,2.42,2.93,3.62,4.55,5.5,6.86,8.2,9.94,11.86,14.6,17.4,20.15,22.97,27.0,29.92,34.57,40.01,45.04,49.88,54.03,60.3,,,73.8,,,,,,,,,,,,
26,2023-09-27,312.79,,,54.9,,47.5,42.52,35.77,34.3,29.0,24.06,22.39,18.92,15.9,13.2,10.5,8.5,6.73,5.19,3.99,3.05,2.23,1.7,1.25,0.98,0.75,0.58,0.46,0.36,0.28,0.23,0.17,,0.11,0.08,0.07,,0.04,,,,0.83,1.29,1.3,1.69,2.1,2.64,3.34,4.15,5.09,6.55,8.0,9.7,11.33,13.25,16.1,18.41,21.55,25.47,31.85,33.39,39.1,44.6,47.35,52.3,57.45,61.38,66.05,72.52,,,,,,,,,,,,
27,2023-09-28,313.64,,62.69,56.7,51.37,44.0,42.31,39.0,31.4,29.85,27.24,23,19.05,16.08,13.25,10.59,8.4,6.54,5,3.9,2.91,2.18,1.61,1.23,0.93,0.69,0.56,0.41,0.32,0.28,0.22,0.17,0.12,0.11,,0.07,,0.04,0.04,,,0.74,0.88,1.1,1.46,1.92,2.36,2.91,3.69,4.8,5.9,7.1,8.6,10.56,12.6,15.3,17.93,20.77,24.34,28.4,32.14,36.55,,46.8,55.0,56.25,60.64,,,,,,,,,,,,,,
28,2023-09-29,315.75,68.0,,59.96,56.53,50.5,44.69,41.78,,33.13,28.95,24,21.0,18.15,13.8,11.15,9.09,7.1,5.42,4.1,2.98,2.26,1.6,1.22,0.92,0.71,0.53,0.37,0.29,0.23,0.18,0.15,0.1,,0.07,0.06,,,0.02,0.02,,0.61,0.76,0.97,1.21,1.56,1.89,2.59,3.23,4.12,5.13,6.05,7.4,9.58,11.4,13.55,16.2,18.95,22.3,26.39,29.95,33.5,,43.06,,,58.85,,,,,84.01,,,,,,,,,
29,2023-10-02,321.8,70.69,66.01,63.49,,51.64,47.01,,39.47,33.7,32.25,26.97,21.9,20.7,17.5,14.45,11.8,9.26,7.28,5.65,4.22,3.15,2.35,1.69,1.24,0.89,0.66,0.45,0.35,0.29,0.19,0.16,0.11,0.09,0.07,0.05,,0.04,,,0.01,0.44,0.58,0.76,0.9,1.23,1.58,1.85,2.36,3.01,3.8,4.74,6.0,7.35,9.1,11.05,13.36,16.98,20.05,24.6,,31.55,37.4,41.8,,,54.36,61.4,,,,,,,,,,,,,
30,2023-10-03,313.39,66.64,60.7,54.55,52.0,49.55,43.0,37.3,33.3,28.5,25.1,22.55,18.5,16.05,13.33,10.84,8.7,6.8,5.22,4.01,3,2.25,1.65,1.2,0.89,0.66,0.48,0.35,0.26,0.21,0.16,0.13,0.11,0.11,0.07,,0.05,,,,0.02,0.85,1.07,1.42,1.68,2.11,2.66,3.34,4.12,5.25,6.3,7.7,9.36,11.29,13.53,16.1,19.72,21.5,25.31,29.83,34.18,38.75,43.19,44.55,,,62.84,,,,,,,,101.15,,,,,,
31,2023-10-04,318.955,,,61.27,,,,41.49,39.4,34.95,29.28,26.5,21.3,19.43,16.36,13.4,10.67,8.6,6.56,4.97,3.72,2.87,2.05,1.55,1.11,0.81,0.58,0.41,0.29,0.24,0.18,0.13,,,0.05,,0.05,,0.02,,0.02,0.55,0.75,0.85,1.07,1.38,1.7,2.19,2.82,3.6,4.6,5.7,6.88,8.32,10.0,12.5,14.8,17.1,22.1,25.92,,34.41,,40.65,,,58.7,61.85,,,,,,,96.95,,,,,,126.65
32,2023-10-05,319.36,70.8,63.22,60.85,,,,42.65,38.11,31.0,,26.45,22.02,19.2,16.1,13.24,10.52,8.2,6.35,4.93,3.68,2.73,2,1.47,1.07,0.77,0.56,0.4,0.29,0.23,0.16,0.13,,,,0.04,0.03,,,,,0.52,0.66,0.86,1.04,1.3,1.7,2.1,2.67,3.4,4.25,5.31,6.7,8.0,9.95,12.06,14.9,17.25,20.7,24.6,28.28,35.67,,,,51.85,,,,,,,,,96.31,101.33,,,,,
33,2023-10-06,327.26,77.2,69.0,67.3,64.05,,,48.2,,41.42,38.1,33.3,29.2,25.13,20.6,17.25,14.15,11.4,9.07,7,5.38,4.05,2.98,2.15,1.55,1.1,0.78,0.55,0.41,0.29,0.21,0.16,0.12,0.09,,0.05,0.05,,0.02,0.02,,0.3,0.36,0.47,0.59,0.79,0.99,1.25,1.61,2.08,2.67,3.4,4.3,5.45,6.8,8.45,10.4,12.7,15.36,17.51,20.6,25.46,,36.0,37.2,,46.5,,,,,72.1,,,,,,,,,
34,2023-10-09,329.82,,,70.07,,,,52.6,48.06,42.87,38.56,34.25,29.87,25.87,22.46,19.04,15.77,12.87,10.32,8.05,6.27,4.75,3.62,2.64,1.88,1.36,0.98,0.71,0.51,0.37,0.27,0.19,0.14,0.1,,0.07,0.04,,,,,0.29,0.35,0.44,0.54,0.72,0.91,1.19,1.47,1.92,2.46,3.15,3.9,5.02,6.15,7.65,9.45,11.56,14.02,16.85,20.15,23.5,,33.75,,,,,,,,70.5,,,,,,,,,
35,2023-10-10,328.39,,,70.97,,,,52.76,47.21,42.58,37.11,32.5,29.09,25.1,21,17.7,14.5,11.65,9.3,7.2,5.42,4.08,2.99,2.16,1.6,1.11,0.81,0.56,0.41,0.3,0.24,0.17,0.13,0.1,0.08,,,,,,,0.26,0.33,0.41,0.53,0.68,0.86,1.11,1.46,1.87,2.41,3.1,3.95,5.0,6.23,7.7,9.7,11.68,14.3,17.45,20.4,23.45,,,,,,,,,,,,,,,,,,,
36,2023-10-11,332.42,83.27,,,,63.41,58.45,53.86,47.2,45.25,,36.28,32.0,27.9,23.9,20.1,16.69,13.6,10.9,8.4,6.4,4.8,3.5,2.52,1.8,1.25,0.89,0.62,0.45,0.33,,0.18,0.12,0.1,0.08,0.05,,,0.04,0.02,0.02,0.2,0.29,0.3,0.43,0.49,0.61,0.8,1.03,1.33,1.74,2.26,2.93,3.76,4.8,6.1,7.9,9.58,11.8,14.49,,23.65,,,,,,,,,,,,,83.45,,,,,,
37,2023-10-12,331.16,80.85,,,,,59.79,,48.55,43.68,40.47,34.8,30.6,26.2,22.26,18.87,15.5,12.6,9.89,7.8,5.75,4.2,3.04,2.24,1.53,1.07,0.74,0.52,0.38,0.27,0.21,0.16,0.11,0.09,0.08,,,,0.02,,,0.21,0.29,0.35,0.4,0.53,0.68,0.86,1.14,1.44,1.88,2.43,3.15,4.0,5.05,6.45,8.1,10.15,12.6,16.45,19.45,23.75,,31.95,,,,,,,,,,,,,,,,,
38,2023-10-13,327.73,84.3,,73.82,,,57.73,54.82,46.8,41.44,40.47,32.13,27.1,23.81,20.4,17,13.89,11.09,8.85,6.6,5,3.67,2.65,1.9,1.33,0.92,0.68,0.48,0.35,0.25,0.19,0.13,0.14,0.08,,,0.04,,,0.05,,0.28,0.37,0.46,0.61,0.74,0.95,1.25,1.56,2.03,2.57,3.28,4.2,5.3,6.55,8.17,10.25,12.2,15.11,18.3,20.65,24.85,,,37.8,,,,,,,,,,,,,,,,
39,2023-10-16,332.64,,,75.49,70.35,65.55,60.14,55.38,50.55,45.24,41.41,37.2,32.3,27.4,23.9,20.23,16.15,13.35,10.2,8.15,5.9,4.3,3.2,2.28,1.5,1,0.76,0.47,0.34,0.24,0.17,0.11,0.11,0.07,0.05,0.03,,,,,,0.17,0.22,0.27,0.35,0.44,0.57,0.77,1.0,1.3,1.64,2.19,2.77,3.62,4.65,5.95,7.55,9.4,11.65,14.07,16.39,19.47,23.26,27.25,32.67,37.33,39.46,44.71,,,,66.0,,,,,,94.29,,,
40,2023-10-17,332.06,,,72.6,,60.18,,52.9,47.68,43.61,39.67,34.53,29.87,25.7,22.2,18.95,15.6,12.54,9.72,7.47,5.5,4,2.83,1.96,1.31,0.88,0.57,0.39,0.24,0.19,0.12,0.09,0.07,0.05,,0.03,,,,,,0.2,,0.31,0.39,0.47,0.61,0.79,1.03,1.32,1.71,2.19,2.83,3.7,4.75,6.13,7.65,9.55,12.45,15.34,17.65,22.05,,,,,,,,,,,,,,,,,,,
41,2023-10-18,330.11,85.25,,,65.15,62.92,60.4,53.32,49.48,42.98,38.55,34.05,28.67,25.2,20.55,18.18,15,12,9.5,7.25,5.41,4,2.64,1.97,1.4,0.87,0.57,0.43,0.3,0.21,0.15,0.09,0.08,0.05,,0.04,,0.03,,,,0.2,0.3,0.29,0.46,0.62,0.84,1.09,1.31,1.66,2.13,2.73,3.55,4.45,5.8,7.31,9.01,10.95,13.3,16.6,19.75,21.41,24.1,,32.8,,,,,,,,,,,,,,,,
42,2023-10-19,331.32,,,72.67,,65.53,60.24,55.52,,44.03,39.5,34.75,31.01,26.8,23,19.25,15.8,12.95,10.4,8.13,6.2,4.45,3.25,2.38,1.64,1.2,0.83,0.54,0.4,0.3,0.21,0.15,0.11,0.09,,0.02,0.02,,,,,0.17,0.29,0.35,0.46,0.65,0.86,1.03,1.33,1.75,2.14,2.81,3.45,4.45,5.6,6.9,8.65,10.35,12.7,15.21,18.35,18.75,,27.0,,,,46.3,,,,,,,,,,,,,
43,2023-10-20,326.67,78.46,76.4,68.72,63.69,59.43,54.04,49.59,45.58,39.9,35.3,31.27,28.17,23.62,19.6,16.1,13.1,10.44,8.1,6.1,4.46,3.2,2.26,1.59,1.1,0.75,0.55,0.37,0.26,0.2,0.13,0.1,0.07,0.07,,0.04,0.02,,,,,0.3,0.36,0.5,0.62,0.78,1.03,1.3,1.66,2.11,2.7,3.45,4.32,5.45,6.85,8.5,10.5,12.85,15.51,18.55,20.89,25.79,29.55,33.82,,,,,,,,,,,,,,,,,
44,2023-10-23,329.32,,75.26,,,,57.84,51.5,48.06,43.78,35.85,33.45,29.59,26.2,21.91,17.1,13.95,11.25,8.75,6.45,4.85,3.45,2.4,1.7,1.16,0.78,0.52,0.34,0.24,0.19,0.11,0.08,0.06,0.06,0.03,0.02,0.02,0.01,,,,0.18,0.25,0.33,0.45,0.53,0.72,0.96,1.22,1.58,2.09,2.67,3.4,4.37,5.63,7.14,8.9,11.08,13.5,16.25,19.63,23.45,26.3,32.0,,,,50.79,,,,,,,,,,,,,
45,2023-10-24,330.53,78.98,,,,59.02,,52.66,45.1,41.85,38.85,33.78,27.9,25.52,21.5,17.93,14.76,11.75,9.15,6.85,5.15,3.75,2.67,1.86,1.29,0.88,0.62,0.44,0.29,0.22,0.14,0.11,0.07,0.07,0.05,0.04,,0.02,0.02,0.02,0.01,0.12,0.16,0.21,0.25,0.34,0.45,0.63,0.84,1.13,1.48,2.07,2.72,3.71,4.95,6.36,8.11,10.13,12.55,15.51,18.46,21.7,25.55,30.43,,,,,,,,68.72,,,,,,,,108.4,
46,2023-10-25,340.67,95.4,84.52,79.58,74.23,69.51,66.75,60.45,55.99,51.18,46.58,42.63,37.55,32.54,27.5,24.17,20,16.34,12.85,9.75,7.1,4.98,3.4,2.17,1.32,0.82,0.48,0.29,0.16,0.1,0.05,0.05,0.03,0.05,0.01,,0.01,0.01,,0.01,,0.08,0.09,0.11,0.13,0.17,0.22,0.29,0.38,0.47,0.63,0.82,1.1,1.46,2.0,2.69,3.66,4.91,6.66,8.45,10.85,14.0,17.0,20.84,25.1,30.8,,41.0,,,51.3,,,,,,,,,96.6,
47,2023-10-26,327.89,79.49,73.94,74.3,,59.09,53.98,50.84,47.3,40.45,37.83,30.52,27.48,21.31,17.92,14.45,10.95,8.1,5.75,4,2.69,1.72,1.07,0.66,0.42,0.27,0.18,0.12,0.09,0.06,0.05,0.03,0.02,,,,,0.01,,0.02,,0.14,0.16,0.19,0.29,0.38,0.46,0.59,0.77,1.04,1.34,1.8,2.44,3.32,4.27,5.8,7.5,9.72,12.75,15.65,18.1,20.9,27.95,,,37.2,,,,,,,,,,,,,,,
48,2023-10-27,329.81,83.86,,74.69,,65.18,58.95,50.53,,41.35,42.0,30.8,27.15,22.75,18.9,14.8,11.75,8.75,6.2,4.29,2.81,1.73,1.05,0.63,0.38,0.24,0.15,0.11,0.06,0.05,0.04,0.03,0.03,0.03,,0.01,,0.01,,0.01,,0.11,0.14,0.17,0.22,0.3,0.36,0.47,0.61,0.8,1.08,1.44,1.9,2.72,3.82,5.05,6.65,8.85,11.35,14.45,17.95,21.65,26.45,24.62,32.88,37.68,,,,,,,,,,,,,,,
49,2023-10-30,337.31,88.42,,76.09,71.85,,,58.26,54.75,48.58,44.0,38.35,34.15,29.47,24.9,20.8,16.46,12.84,9.48,6.75,4.54,2.85,1.73,1.05,0.66,0.38,0.22,0.14,0.09,0.07,0.05,0.03,0.02,0.01,0.01,,,,,0.01,,0.06,0.09,0.1,0.13,0.15,0.2,0.25,0.31,0.41,0.54,0.72,0.98,1.32,1.89,2.55,3.52,5.05,6.75,8.75,11.6,15.18,21.74,23.98,,,,42.3,,,,,,,,,,,,,
50,2023-10-31,338.11,,,76.02,73.45,67.85,,58.4,53.05,48.35,42.55,39.35,33.99,29.25,24.77,20.33,16.5,12.9,9.4,6.55,4.4,2.63,1.56,0.87,0.46,0.27,0.16,0.09,0.06,0.04,0.04,0.03,0.02,0.01,,,0.01,,,0.01,,0.05,0.06,0.06,0.08,0.1,0.14,0.18,0.23,0.3,0.39,0.54,0.73,1.01,1.45,2.08,3.05,4.2,5.85,8.25,11.2,14.75,20.55,23.3,,,,,,,,63.49,,,,,,,,103.75,
51,2023-11-01,346.07,,89.9,,82.5,76.0,71.5,65.66,62.44,55.95,51.0,47.3,41.49,38.06,32.6,27.46,23.2,18.83,14.69,10.76,7.5,4.89,2.96,1.7,0.93,0.5,0.27,0.16,0.1,0.07,0.05,0.03,0.03,,0.02,0.01,,,,0.01,0.01,0.04,0.04,0.04,0.05,0.07,0.1,0.11,0.12,0.17,0.22,0.26,0.34,0.46,0.62,0.9,1.28,1.91,2.78,4.2,6.05,8.43,11.64,15.24,21.47,26.25,28.35,,,,,,,,,,,,,96.35,
52,2023-11-02,348.32,98.55,,,81.85,,,67.25,63.77,58.12,53.71,48.51,43.93,38.33,33,29.37,23.25,20.2,15.54,11.6,8.05,5.15,3.03,1.6,0.78,0.38,0.21,0.11,0.07,0.06,0.04,0.03,0.03,0.02,,,,0.01,,0.01,,0.03,0.03,0.03,0.04,0.05,0.07,0.07,0.09,0.1,0.12,0.16,0.21,0.29,0.38,0.54,0.79,1.22,1.94,3.0,4.59,6.65,9.5,,,22.95,,,,,,,,,,,,,,,
53,2023-11-03,352.8,104.45,,89.87,,82.82,75.4,73.48,68.76,63.76,58.15,53.16,48.8,44.35,38.41,33.6,29.89,24.14,19.45,14.95,10.67,7.1,4.35,2.36,1.19,0.6,0.32,0.17,0.1,0.07,0.04,0.03,0.03,0.02,0.02,0.02,0.01,0.01,,0.01,,0.02,0.01,0.02,0.04,0.04,0.05,0.06,0.07,0.08,0.1,0.13,0.15,0.19,0.24,0.33,0.44,0.63,0.97,1.56,2.5,4.15,6.45,9.35,12.5,17.7,,30.0,32.06,,,,,,,,,,,,
54,2023-11-06,356.53,107.32,100.6,95.46,92.29,85.4,80.08,76.34,72.15,65.28,61.39,55.8,51.09,44.53,40.73,36.18,31.85,26.82,22.16,17.64,13.21,9.2,5.9,3.4,1.72,0.8,0.36,0.16,0.09,0.06,0.05,0.03,0.04,0.03,0.02,0.02,0.01,0.01,,0.01,,0.01,0.01,0.02,0.01,0.02,0.02,0.03,0.05,0.04,0.06,0.07,0.1,0.12,0.15,0.2,0.27,0.37,0.57,0.9,1.54,2.6,4.34,7.6,11.6,15.63,19.31,,,,,,,,,,,,,,
55,2023-11-07,360.53,,,102.59,96.14,91.69,86.95,82.04,77.57,72.04,67.0,62,57.98,52.35,47.5,41.16,35.9,31.14,26.28,21,16.45,12.13,8.35,5.12,2.09,1.41,0.62,0.3,0.19,0.11,0.08,0.05,0.04,0.03,0.03,0.03,0.01,0.01,0.01,0.01,0.01,0.01,0.01,0.02,0.02,0.01,0.02,0.03,0.03,0.04,0.05,0.05,0.06,0.08,0.11,0.14,0.18,0.26,0.36,0.54,0.94,1.55,2.7,4.56,7.65,10.5,14.42,20.5,23.39,,,42.6,,,,,,,,,
56,2023-11-08,363.2,112.94,,103.41,97.53,92.25,,83.5,78.16,72.53,67.34,62.57,,52.6,47.62,43.44,37.99,31.82,27.75,23.52,18.8,14.21,10,6.42,3.7,1.88,0.89,0.38,0.18,0.11,0.06,0.05,0.04,0.02,,0.02,,0.01,,0.01,,,0.01,0.02,0.01,0.01,0.01,0.02,0.02,0.02,0.03,0.02,0.05,0.07,0.09,0.11,0.14,0.17,0.25,0.38,0.61,1.06,1.89,3.35,5.7,9.82,13.2,17.5,22.44,,,,,,,,,,,,
57,2023-11-09,360.69,,,,,93.1,,82.35,76.74,71.06,66.49,60.7,56.75,51.25,46.13,40.98,35.87,31.43,27.59,20.9,16.68,11.79,7.75,4.75,2.5,1.21,0.53,0.23,0.13,0.09,0.06,0.04,0.02,0.03,0.01,0.02,0.01,0.01,,0.01,,0.01,,0.01,0.01,0.01,0.02,0.01,0.02,0.03,0.04,0.04,0.06,0.08,0.09,0.13,0.17,0.22,0.33,0.48,0.81,1.4,2.5,4.35,7.25,10.3,14.51,18.7,23.4,,,,,,,,,,,,
58,2023-11-10,369.67,119.0,109.44,109.28,,98.95,94.43,89.7,84.3,79.23,75.4,69.51,62.02,59.74,54.16,49.64,44.94,39.8,34.69,29.75,25.1,19.88,15.11,10.86,7.02,4.05,2.13,1.04,0.49,0.22,0.14,0.08,0.06,0.05,0.04,0.04,0.01,0.01,0.02,,0.01,0.01,0.01,0.01,0.01,0.01,0.01,0.01,0.03,0.02,0.02,0.03,0.03,0.04,0.05,0.06,0.06,0.08,0.09,0.14,0.2,0.34,0.63,1.26,2.47,4.67,7.9,11.85,16.5,,26.04,33.9,,,,,,,,,
59,2023-11-13,366.68,117.53,112.52,107.66,,97.49,92.95,86.65,82.73,77.75,72.2,67.41,62.94,56.77,52.53,46.7,41.78,37.25,31.75,26.92,21.45,16.58,11.9,7.65,4.43,2.22,1.05,0.48,0.21,0.1,0.04,0.03,0.02,0.02,0.02,0.01,0.01,0.01,0.01,0.01,,0.01,,0.01,0.01,0.01,0.01,0.01,0.01,0.01,0.01,0.01,0.02,0.02,0.02,0.03,0.04,0.04,0.07,0.11,0.17,0.3,0.65,1.49,3.21,6.04,9.65,14.55,19.1,23.46,29.0,33.3,,,,,,,,,
60,2023-11-14,370.27,119.1,115.84,110.87,105.93,99.25,94.1,90.74,85.9,80.28,75.3,70.9,65.7,60.72,55.4,50.74,46.02,40.79,35.25,30.23,24.8,20,15.3,10.12,6.5,3.26,1.47,0.63,0.25,0.11,0.05,0.04,0.03,0.01,0.02,0.01,,,,0.01,,0.01,,0.01,,0.01,0.01,0.01,0.01,0.01,0.01,0.03,0.01,0.02,0.03,0.04,0.04,0.05,0.08,0.1,0.13,0.17,0.31,0.62,1.5,3.39,6.6,10.7,15.35,19.45,25.65,30.0,,,46.9,,,,,,
61,2023-11-15,369.67,119.67,114.38,109.36,,,,89.1,,79.42,,70.17,65.9,60.79,55,50,45.1,39.45,34.55,30.45,25.33,20,15,10.08,5.8,2.55,0.8,0.22,0.08,0.05,0.03,0.02,0.01,0.01,0.01,0.01,0.01,,,0.01,,0.01,,,,0.01,0.01,0.01,0.01,0.01,0.01,0.01,0.01,0.01,0.02,0.02,0.02,0.03,0.05,0.05,0.07,0.1,0.14,0.29,0.8,2.54,5.88,10.5,15.25,,,30.15,,38.9,44.8,,,60.65,,,
62,2023-11-16,376.17,,120.0,115.46,110.62,106.0,,,,86.1,80.75,75.15,,,61,55.7,50.51,46.2,41,36.6,30.8,26.3,20.6,16.2,11.01,6.44,2.46,0.52,0.09,0.04,0.02,0.02,0.01,0.01,,,,,,0.01,,,,0.01,,,0.01,0.01,0.01,0.01,0.01,0.01,0.01,0.01,0.01,0.01,0.01,0.01,0.01,0.02,0.02,0.03,0.04,0.05,0.08,0.22,1.19,4.36,9.3,13.95,19.0,23.5,,,,,,,,,
63,2023-11-17,369.85,121.95,,112.97,,,,91.95,,81.3,,72.62,66.92,58.02,54.81,48.62,43.36,38.75,34.85,28.8,23.58,18.1,13,10,5.15,0.26,0.01,0.01,0.01,0.01,0.01,0.01,0.02,0.01,0.01,,,0.01,,,,,,0.01,,0.01,0.01,0.01,0.01,0.01,0.01,0.01,0.01,0.01,0.01,0.01,0.01,0.01,0.01,0.01,0.01,0.01,0.01,0.01,0.01,0.45,5.25,11.07,12.11,17.3,23.04,28.9,,,,,,,,,
